[
  {
    "id": "2d102576-f802-4859-a4d4-5edc61de9867",
    "data": [
      {
        "text": "Hi",
        "userDefined": false
      }
    ],
    "isTemplate": false,
    "count": 0,
    "lang": "en",
    "updated": 0
  },
  {
    "id": "969529e3-06e1-4a3b-b6cb-13d0c190b75a",
    "data": [
      {
        "text": "Hello",
        "userDefined": false
      }
    ],
    "isTemplate": false,
    "count": 0,
    "lang": "en",
    "updated": 0
  },
  {
    "id": "951dbb23-f98a-4c9b-8dc2-d05b24d47ec1",
    "data": [
      {
        "text": "Hey",
        "userDefined": false
      }
    ],
    "isTemplate": false,
    "count": 0,
    "lang": "en",
    "updated": 0
  },
  {
    "id": "155edbb7-b5f6-44c6-b0cb-2b8f7e4e8edc",
    "data": [
      {
        "text": "Hey bot",
        "userDefined": false
      }
    ],
    "isTemplate": false,
    "count": 0,
    "lang": "en",
    "updated": 0
  },
  {
    "id": "9faa5d31-00c9-4ef1-8384-54eb2247ccc0",
    "data": [
      {
        "text": "Hello bot",
        "userDefined": false
      }
    ],
    "isTemplate": false,
    "count": 0,
    "lang": "en",
    "updated": 0
  },
  {
    "id": "ed2ea137-facb-41f7-b211-922014a88ab0",
    "data": [
      {
        "text": "Hello robot",
        "userDefined": false
      }
    ],
    "isTemplate": false,
    "count": 0,
    "lang": "en",
    "updated": 0
  }
]